"tag_group","tag","genre_id","href"
"シチュエーション","アイドル・芸能人","4118","/av/list/?genre=4118"
"シチュエーション","アクメ・オーガズム","6968","/av/list/?genre=6968"
"シチュエーション","アスリート","6965","/av/list/?genre=6965"
"シチュエーション","姉・妹","4057","/av/list/?genre=4057"
"シチュエーション","イタズラ","4122","/av/list/?genre=4122"
"シチュエーション","インストラクター","1004","/av/list/?genre=1004"
"シチュエーション","ウェイトレス","1040","/av/list/?genre=1040"
"シチュエーション","受付嬢","6942","/av/list/?genre=6942"
"シチュエーション","エステ","4119","/av/list/?genre=4119"
"シチュエーション","M男","5074","/av/list/?genre=5074"
"シチュエーション","M女","6967","/av/list/?genre=6967"
"シチュエーション","OL","1001","/av/list/?genre=1001"
"シチュエーション","お母さん","1032","/av/list/?genre=1032"
"シチュエーション","女将・女主人","1003","/av/list/?genre=1003"
"シチュエーション","幼なじみ","1083","/av/list/?genre=1083"
"シチュエーション","お爺ちゃん","6934","/av/list/?genre=6934"
"シチュエーション","お嬢様・令嬢","527","/av/list/?genre=527"
"シチュエーション","オタク","6954","/av/list/?genre=6954"
"シチュエーション","オナサポ","6938","/av/list/?genre=6938"
"シチュエーション","お姉さん","1033","/av/list/?genre=1033"
"シチュエーション","お婆ちゃん","6947","/av/list/?genre=6947"
"シチュエーション","叔母さん","6943","/av/list/?genre=6943"
"シチュエーション","お姫様","528","/av/list/?genre=528"
"シチュエーション","お風呂","6969","/av/list/?genre=6969"
"シチュエーション","温泉","4140","/av/list/?genre=4140"
"シチュエーション","女教師","1016","/av/list/?genre=1016"
"シチュエーション","女上司","6945","/av/list/?genre=6945"
"シチュエーション","女戦士","1082","/av/list/?genre=1082"
"シチュエーション","女捜査官","2022","/av/list/?genre=2022"
"シチュエーション","カーセックス","4026","/av/list/?genre=4026"
"シチュエーション","格闘家","1021","/av/list/?genre=1021"
"シチュエーション","カップル","4123","/av/list/?genre=4123"
"シチュエーション","家庭教師","1022","/av/list/?genre=1022"
"シチュエーション","看護婦・ナース","1013","/av/list/?genre=1013"
"シチュエーション","義母","524","/av/list/?genre=524"
"シチュエーション","逆ナン","4120","/av/list/?genre=4120"
"シチュエーション","キャバ嬢・風俗嬢","1036","/av/list/?genre=1036"
"シチュエーション","ギャル","1034","/av/list/?genre=1034"
"シチュエーション","キャンギャル","1005","/av/list/?genre=1005"
"シチュエーション","近親相姦","4002","/av/list/?genre=4002"
"シチュエーション","くノ一","1075","/av/list/?genre=1075"
"シチュエーション","極道・任侠","1071","/av/list/?genre=1071"
"シチュエーション","コンパニオン","1041","/av/list/?genre=1041"
"シチュエーション","時間停止","5070","/av/list/?genre=5070"
"シチュエーション","主観","5063","/av/list/?genre=5063"
"シチュエーション","熟女","1014","/av/list/?genre=1014"
"シチュエーション","女医","1015","/av/list/?genre=1015"
"シチュエーション","女王様","6944","/av/list/?genre=6944"
"シチュエーション","職業色々","1026","/av/list/?genre=1026"
"シチュエーション","女子アナ","1017","/av/list/?genre=1017"
"シチュエーション","女子校生","1018","/av/list/?genre=1018"
"シチュエーション","女子大生","1019","/av/list/?genre=1019"
"シチュエーション","ショタ","4058","/av/list/?genre=4058"
"シチュエーション","白目・失神","6966","/av/list/?genre=6966"
"シチュエーション","スチュワーデス","1007","/av/list/?genre=1007"
"シチュエーション","スワッピング・夫婦交換","6970","/av/list/?genre=6970"
"シチュエーション","性転換・女体化","95","/av/list/?genre=95"
"シチュエーション","セレブ","6955","/av/list/?genre=6955"
"シチュエーション","チアガール","6959","/av/list/?genre=6959"
"シチュエーション","痴女","1031","/av/list/?genre=1031"
"シチュエーション","ツンデレ","2019","/av/list/?genre=2019"
"シチュエーション","デート","6956","/av/list/?genre=6956"
"シチュエーション","盗撮・のぞき","4021","/av/list/?genre=4021"
"シチュエーション","ドール","42","/av/list/?genre=42"
"シチュエーション","寝取り・寝取られ・NTR","4111","/av/list/?genre=4111"
"シチュエーション","ノーパン","6964","/av/list/?genre=6964"
"シチュエーション","ノーブラ","6972","/av/list/?genre=6972"
"シチュエーション","飲み会・合コン","6957","/av/list/?genre=6957"
"シチュエーション","ハーレム","5071","/av/list/?genre=5071"
"シチュエーション","バスガイド","1012","/av/list/?genre=1012"
"シチュエーション","花嫁","6974","/av/list/?genre=6974"
"シチュエーション","秘書","1023","/av/list/?genre=1023"
"シチュエーション","ビッチ","6164","/av/list/?genre=6164"
"シチュエーション","人妻・主婦","1039","/av/list/?genre=1039"
"シチュエーション","病院・クリニック","6963","/av/list/?genre=6963"
"シチュエーション","ファン感謝・訪問","4139","/av/list/?genre=4139"
"シチュエーション","部活・マネージャー","6961","/av/list/?genre=6961"
"シチュエーション","部下・同僚","6946","/av/list/?genre=6946"
"シチュエーション","不倫","1069","/av/list/?genre=1069"
"シチュエーション","ヘルス・ソープ","6937","/av/list/?genre=6937"
"シチュエーション","変身ヒロイン","1085","/av/list/?genre=1085"
"シチュエーション","ホテル","6962","/av/list/?genre=6962"
"シチュエーション","マッサージ・リフレ","4124","/av/list/?genre=4124"
"シチュエーション","魔法少女","1086","/av/list/?genre=1086"
"シチュエーション","ママ友","6960","/av/list/?genre=6960"
"シチュエーション","未亡人","1025","/av/list/?genre=1025"
"シチュエーション","娘・養女","6973","/av/list/?genre=6973"
"シチュエーション","胸チラ","6971","/av/list/?genre=6971"
"シチュエーション","メイド","1008","/av/list/?genre=1008"
"シチュエーション","面接","6936","/av/list/?genre=6936"
"シチュエーション","モデル","1009","/av/list/?genre=1009"
"シチュエーション","野外・露出","4020","/av/list/?genre=4020"
"シチュエーション","ヨガ","6933","/av/list/?genre=6933"
"シチュエーション","乱交","4005","/av/list/?genre=4005"
"シチュエーション","旅行","6975","/av/list/?genre=6975"
"シチュエーション","レースクィーン","1011","/av/list/?genre=1011"
"シチュエーション","若妻・幼妻","1020","/av/list/?genre=1020"
"タイプ","アジア女優","2011","/av/list/?genre=2011"
"タイプ","巨尻","2024","/av/list/?genre=2024"
"タイプ","巨乳","2001","/av/list/?genre=2001"
"タイプ","筋肉","97","/av/list/?genre=97"
"タイプ","小柄","2003","/av/list/?genre=2003"
"タイプ","黒人男優","1028","/av/list/?genre=1028"
"タイプ","処女","55","/av/list/?genre=55"
"タイプ","女装・男の娘","3036","/av/list/?genre=3036"
"タイプ","スレンダー","2006","/av/list/?genre=2006"
"タイプ","早漏","5072","/av/list/?genre=5072"
"タイプ","そっくりさん","1030","/av/list/?genre=1030"
"タイプ","台湾モデル","308409","/av/list/?genre=308409"
"タイプ","長身","2002","/av/list/?genre=2002"
"タイプ","超乳","6149","/av/list/?genre=6149"
"タイプ","デカチン・巨根","5073","/av/list/?genre=5073"
"タイプ","童貞","4014","/av/list/?genre=4014"
"タイプ","軟体","6935","/av/list/?genre=6935"
"タイプ","ニューハーフ","4015","/av/list/?genre=4015"
"タイプ","妊婦","1029","/av/list/?genre=1029"
"タイプ","パイパン","4019","/av/list/?genre=4019"
"タイプ","白人女優","2012","/av/list/?genre=2012"
"タイプ","美少女","1027","/av/list/?genre=1027"
"タイプ","美乳","102","/av/list/?genre=102"
"タイプ","日焼け","2023","/av/list/?genre=2023"
"タイプ","貧乳・微乳","2005","/av/list/?genre=2005"
"タイプ","ふたなり","59","/av/list/?genre=59"
"タイプ","ぽっちゃり","2007","/av/list/?genre=2007"
"タイプ","ミニ系","2008","/av/list/?genre=2008"
"コスチューム","学生服","3011","/av/list/?genre=3011"
"コスチューム","競泳・スクール水着","3009","/av/list/?genre=3009"
"コスチューム","コスプレ","4031","/av/list/?genre=4031"
"コスチューム","制服","48","/av/list/?genre=48"
"コスチューム","セーラー服","3003","/av/list/?genre=3003"
"コスチューム","体操着・ブルマ","3001","/av/list/?genre=3001"
"コスチューム","チャイナドレス","3005","/av/list/?genre=3005"
"コスチューム","ニーソックス","94","/av/list/?genre=94"
"コスチューム","ネコミミ・獣系","64","/av/list/?genre=64"
"コスチューム","裸エプロン","93","/av/list/?genre=93"
"コスチューム","バニーガール","3033","/av/list/?genre=3033"
"コスチューム","パンスト・タイツ","3006","/av/list/?genre=3006"
"コスチューム","ビジネススーツ","6939","/av/list/?genre=6939"
"コスチューム","覆面・マスク","6951","/av/list/?genre=6951"
"コスチューム","ボディコン","3013","/av/list/?genre=3013"
"コスチューム","ボンテージ","3015","/av/list/?genre=3015"
"コスチューム","巫女","63","/av/list/?genre=63"
"コスチューム","水着","3008","/av/list/?genre=3008"
"コスチューム","ミニスカ","3007","/av/list/?genre=3007"
"コスチューム","ミニスカポリス","3012","/av/list/?genre=3012"
"コスチューム","めがね","2004","/av/list/?genre=2004"
"コスチューム","ランジェリー","3014","/av/list/?genre=3014"
"コスチューム","ルーズソックス","3032","/av/list/?genre=3032"
"コスチューム","レオタード","3035","/av/list/?genre=3035"
"コスチューム","和服・浴衣","3002","/av/list/?genre=3002"
"ジャンル","アクション・格闘","514","/av/list/?genre=514"
"ジャンル","脚フェチ","4008","/av/list/?genre=4008"
"ジャンル","アニメ","4073","/av/list/?genre=4073"
"ジャンル","イメージビデオ","6014","/av/list/?genre=6014"
"ジャンル","イメージビデオ（男性）","6170","/av/list/?genre=6170"
"ジャンル","淫乱・ハード系","4030","/av/list/?genre=4030"
"ジャンル","SF","4075","/av/list/?genre=4075"
"ジャンル","SM","4001","/av/list/?genre=4001"
"ジャンル","学園もの","553","/av/list/?genre=553"
"ジャンル","企画","4007","/av/list/?genre=4007"
"ジャンル","ギャグ・コメディ","5","/av/list/?genre=5"
"ジャンル","局部アップ","4017","/av/list/?genre=4017"
"ジャンル","巨乳フェチ","4009","/av/list/?genre=4009"
"ジャンル","クラシック","4033","/av/list/?genre=4033"
"ジャンル","ゲイ","4060","/av/list/?genre=4060"
"ジャンル","原作コラボ","4138","/av/list/?genre=4138"
"ジャンル","コラボ作品","6574","/av/list/?genre=6574"
"ジャンル","サイコ・スリラー","6069","/av/list/?genre=6069"
"ジャンル","残虐表現","21","/av/list/?genre=21"
"ジャンル","女性向け","35","/av/list/?genre=35"
"ジャンル","女優ベスト・総集編","6608","/av/list/?genre=6608"
"ジャンル","尻フェチ","4011","/av/list/?genre=4011"
"ジャンル","素人","4024","/av/list/?genre=4024"
"ジャンル","スポーツ","4096","/av/list/?genre=4096"
"ジャンル","セクシー","4098","/av/list/?genre=4098"
"ジャンル","その他フェチ","4010","/av/list/?genre=4010"
"ジャンル","ダーク系","568","/av/list/?genre=568"
"ジャンル","体験告白","6086","/av/list/?genre=6086"
"ジャンル","ダンス","4105","/av/list/?genre=4105"
"ジャンル","単体作品","4025","/av/list/?genre=4025"
"ジャンル","着エロ","4116","/av/list/?genre=4116"
"ジャンル","デビュー作品","6006","/av/list/?genre=6006"
"ジャンル","ドキュメンタリー","4023","/av/list/?genre=4023"
"ジャンル","特撮","4034","/av/list/?genre=4034"
"ジャンル","ドラマ","4114","/av/list/?genre=4114"
"ジャンル","ナンパ","4006","/av/list/?genre=4006"
"ジャンル","How To","6070","/av/list/?genre=6070"
"ジャンル","パンチラ","4016","/av/list/?genre=4016"
"ジャンル","ファンタジー","17","/av/list/?genre=17"
"ジャンル","Vシネマ","4110","/av/list/?genre=4110"
"ジャンル","復刻","6555","/av/list/?genre=6555"
"ジャンル","ベスト・総集編","6003","/av/list/?genre=6003"
"ジャンル","BL（ボーイズラブ）","558","/av/list/?genre=558"
"ジャンル","ホラー","18","/av/list/?genre=18"
"ジャンル","妄想","4028","/av/list/?genre=4028"
"ジャンル","洋ピン・海外輸入","4022","/av/list/?genre=4022"
"ジャンル","レズビアン","4013","/av/list/?genre=4013"
"ジャンル","恋愛","555","/av/list/?genre=555"
"プレイ","足コキ","5048","/av/list/?genre=5048"
"プレイ","汗だく","5075","/av/list/?genre=5075"
"プレイ","アナル","5005","/av/list/?genre=5005"
"プレイ","アナルセックス","5076","/av/list/?genre=5076"
"プレイ","異物挿入","72","/av/list/?genre=72"
"プレイ","イラマチオ","5068","/av/list/?genre=5068"
"プレイ","淫語","5025","/av/list/?genre=5025"
"プレイ","飲尿","5012","/av/list/?genre=5012"
"プレイ","男の潮吹き","6948","/av/list/?genre=6948"
"プレイ","オナニー","5008","/av/list/?genre=5008"
"プレイ","おもちゃ","5017","/av/list/?genre=5017"
"プレイ","監禁","5010","/av/list/?genre=5010"
"プレイ","顔射","5023","/av/list/?genre=5023"
"プレイ","浣腸","5014","/av/list/?genre=5014"
"プレイ","顔面騎乗","5067","/av/list/?genre=5067"
"プレイ","騎乗位","4106","/av/list/?genre=4106"
"プレイ","キス・接吻","4059","/av/list/?genre=4059"
"プレイ","鬼畜","567","/av/list/?genre=567"
"プレイ","くすぐり","5069","/av/list/?genre=5069"
"プレイ","クスコ","5007","/av/list/?genre=5007"
"プレイ","クンニ","38","/av/list/?genre=38"
"プレイ","ゲロ","6151","/av/list/?genre=6151"
"プレイ","拘束","25","/av/list/?genre=25"
"プレイ","拷問","5059","/av/list/?genre=5059"
"プレイ","ごっくん","5009","/av/list/?genre=5009"
"プレイ","3P・4P","5022","/av/list/?genre=5022"
"プレイ","潮吹き","5016","/av/list/?genre=5016"
"プレイ","シックスナイン","5020","/av/list/?genre=5020"
"プレイ","縛り・緊縛","5021","/av/list/?genre=5021"
"プレイ","羞恥","28","/av/list/?genre=28"
"プレイ","触手","62","/av/list/?genre=62"
"プレイ","食糞","5024","/av/list/?genre=5024"
"プレイ","スカトロ","4018","/av/list/?genre=4018"
"プレイ","スパンキング","6940","/av/list/?genre=6940"
"プレイ","即ハメ","3029","/av/list/?genre=3029"
"プレイ","脱糞","5013","/av/list/?genre=5013"
"プレイ","ディルド","6941","/av/list/?genre=6941"
"プレイ","手コキ","5004","/av/list/?genre=5004"
"プレイ","電マ","5066","/av/list/?genre=5066"
"プレイ","ドラッグ","5015","/av/list/?genre=5015"
"プレイ","中出し","5001","/av/list/?genre=5001"
"プレイ","パイズリ","5019","/av/list/?genre=5019"
"プレイ","バイブ","5006","/av/list/?genre=5006"
"プレイ","辱め","27","/av/list/?genre=27"
"プレイ","バック","6958","/av/list/?genre=6958"
"プレイ","罵倒","6949","/av/list/?genre=6949"
"プレイ","鼻フック","6950","/av/list/?genre=6950"
"プレイ","ハメ撮り","6002","/av/list/?genre=6002"
"プレイ","孕ませ","96","/av/list/?genre=96"
"プレイ","フィスト","88","/av/list/?genre=88"
"プレイ","フェラ","5002","/av/list/?genre=5002"
"プレイ","ぶっかけ","5003","/av/list/?genre=5003"
"プレイ","放置","6952","/av/list/?genre=6952"
"プレイ","放尿・お漏らし","5011","/av/list/?genre=5011"
"プレイ","母乳","5060","/av/list/?genre=5060"
"プレイ","ポルチオ","6108","/av/list/?genre=6108"
"プレイ","指マン","5053","/av/list/?genre=5053"
"プレイ","ラブコメ","569","/av/list/?genre=569"
"プレイ","レズキス","5062","/av/list/?genre=5062"
"プレイ","蝋燭","6953","/av/list/?genre=6953"
"プレイ","ローション・オイル","5057","/av/list/?genre=5057"
"プレイ","ローター","5018","/av/list/?genre=5018"
"その他","インディーズ","6063","/av/list/?genre=6063"
"その他","AI生成作品","307966","/av/list/?genre=307966"
"その他","ギリモザ","6017","/av/list/?genre=6017"
"その他","ゲーム実写版","6597","/av/list/?genre=6597"
"その他","16時間以上作品","6609","/av/list/?genre=6609"
"その他","スマホ推奨縦動画","6671","/av/list/?genre=6671"
"その他","3D","617","/av/list/?genre=617"
"その他","セット商品","7267","/av/list/?genre=7267"
"その他","その他","6007","/av/list/?genre=6007"
"その他","デジモ","6004","/av/list/?genre=6004"
"その他","投稿","6005","/av/list/?genre=6005"
"その他","独占配信","6548","/av/list/?genre=6548"
"その他","ハイクオリティVR","6925","/av/list/?genre=6925"
"その他","ハイビジョン","6533","/av/list/?genre=6533"
"その他","8KVR","307935","/av/list/?genre=307935"
"その他","FANZA配信限定","6566","/av/list/?genre=6566"
"その他","VR専用","6793","/av/list/?genre=6793"
"その他","複数話","81","/av/list/?genre=81"
"その他","福袋","300129","/av/list/?genre=300129"
"その他","4時間以上作品","6012","/av/list/?genre=6012"
"その他","4K","79015","/av/list/?genre=79015"
"セール","すべてのセール","","/av/list/?campaign=all&sort=suggest"
"セール","日替わりセール♭","","/av/list/?campaign=d490a6834225495b36a937354e772a70"
"セール","SODグループ30％OFF","","/av/list/?campaign=e8051eb061bbe13b5a447a46821b5b9a"
"セール","ABC/妄想族他30％OFF","","/av/list/?campaign=22bf2ec7082122871406d7e1a819fb9d"
"セール","グローリークエスト他30％OFF","","/av/list/?campaign=28506cced26d42996cb290b4cc560d64"
"セール","エマニエル30％OFF","","/av/list/?campaign=03a514adbdfb8694c09dee414ba24a8b"
"セール","ブランドストア30％OFF！","","/av/list/?campaign=ddc6f3176aa27b6c8ead9afcb4adc4a5"
"セール","エスワンキャンペーン30％OFF第5弾","","/av/list/?campaign=f444a8c68ee2ff55cb4ac60778461b3b"
"セール","熟女・人妻30％OFF第10弾","","/av/list/?campaign=7ea6ee95adf0de6dba50e60bd0095e67"
"セール","期間限定セール","","/av/list/?campaign=6565&sort=suggest"